<?xml version="1.0" encoding="UTF-8"?>
<project-private xmlns="http://www.netbeans.org/ns/project-private/1">
    <editor-bookmarks xmlns="http://www.netbeans.org/ns/editor-bookmarks/2" lastBookmarkId="0"/>
    <open-files xmlns="http://www.netbeans.org/ns/projectui-open-files/2">
        <group>
            <file>file:/C:/Users/Shainesh%20Nand/OneDrive/Desktop/s11208989_s11196341_s11195678_s11209306/BankingApp/src/server/IBankingService.java</file>
            <file>file:/C:/Users/Shainesh%20Nand/OneDrive/Desktop/s11208989_s11196341_s11195678_s11209306/BankingApp/src/server/BankingServer.java</file>
            <file>file:/C:/Users/Shainesh%20Nand/OneDrive/Desktop/s11208989_s11196341_s11195678_s11209306/BankingApp/src/client/LoginJFrame.java</file>
        </group>
    </open-files>
</project-private>
